feed_url,saved_item_link_latest,saved_item_link_second_latest,updated_time
https://alienogentile.substack.com/feed,https://alienogentile.substack.com/p/per-destabilizzare-il-mondo-basta,,2024-10-02 20:46:44.053660
https://calnewport.com/feed/,https://calnewport.com/when-time-management-was-easy/,,2024-10-02 20:46:44.053660
https://phastidio.net/feed/,https://phastidio.net/2024/10/02/case-verdi-e-certificati-bianchi/,,2024-10-02 20:46:44.053660
https://politepol.com/fd/GFVKcauouhR3,https://www.econopoly.ilsole24ore.com/2024/10/02/sanita-europea-crisi-rivoluzione-ai/?uuid=91_UMbU7p26,,2024-10-02 20:46:44.053660
